Product_Name,Price,Ratings
Khadi Organique  kills 99.99% germs and infection without water with triple action formula sanitizes hands, pH balanced, nourishes skin Hand Sanitizer Bottle,Rs.210,4
Qraa Safe Hands  for All Kind of Flu, Virus- Anti-Bacterial  with Neem & Aloe Vera Extracts 500ml Hand Sanitizer Pump Dispenser,Rs.250,4
Aryanveda Herbals Bodyguard  Disinfectant Gel 500 ml Hand Sanitizer Bottle,Rs.249,4.5
Qraa Safe Hands Sanitizing Hand Rub ,Anti-Bacterial Hand Rub With Neem & Aloe Vera Extracts Hand Sanitizer Bottle,Rs.200,4.1
Himalaya PureHands Orange Hand Sanitizer Bottle,Rs.250,4.3
Khadi Organique kills 99.99% germs and infection without water with triple action formula sanitizes hands, pH balanced, nourishes skin Hand Sanitizer Bottle,Rs.105,4
SOBERBIO  with Dispenser Bottle Pack Hand Sanitizer Bottle,Rs.249,3.6
Kronokare Bye Bye Bacteria -  - 320 ml Hand Sanitizer Pump Dispenser,Rs.160,4.2
VLCC Advanced Hand Sanitizer Bottle,Rs.500,4.4
Mediker Instantly Kills 99.9% Germs Without Water Hand Sanitizer Bottle,Rs.250,4.6
Nyle  - 5L Hand Sanitizer Bottle,Rs.2450,4.6
Lifebuoy Total Sanitizer Hand Sanitizer Pump Dispenser,Rs.250,4.6
Dabur Hand Sanitizing Rub Hand Sanitizer Bottle,Rs.225,4.5
Lifebuoy Total  Hand Sanitizer Bottle,Rs.250,4.5
Aryanveda Herbals Bodyguard  Disinfectant Gel 100 ml Each, Pack of 6 Hand Sanitizer Bottle,Rs.299,4.3
Ayurdaily Anti-Bacterial hand Sanitizer Hand Sanitizer Bottle,Rs.205,3.9
Zavers Bio Naturals Hand Cleanser gel SUPER SAVER REFILL Handrub Hand Sanitizer Pouch,Rs.439,3.9
Dr. Morepen Protect  For Kids And Adults Lemon Extracts Hand Sanitizer Bottle,Rs.250,3.8
NutriGlow NATURAL'S Tea Tree & Aloe Vera Rinse Free Hand Rub/ Kills 99.99% Germs Hand Sanitizer Bottle,Rs.250,3.5
Dr. Morepen Protect  500 ML Lemon For Kids And Adults Hand Sanitizer Bottle,Rs.250,3.4
NutriGlow NATURAL'S Juicy Real Orange Portable Rinse Free Hand Rub/ Kills 99.99% Germs/ Hand Sanitizer Bottle,Rs.250,3.6
SOBERBIO  Refill Bottle Pack Hand Sanitizer Bottle,Rs.249,3.5
Surjichem Advanced With Aloevera & Lemon  Pack of 5 Hand Sanitizer Bottle,Rs.250,4.3
Alcamy Advanced  With Vitamin Rich Aloe Vera Gel Hand Sanitizer Bottle,Rs.249,3.7
Surjichem Advanced  With Aloevera & Lemon Hand Sanitizer Bottle,Rs.200,4.7
Zavers Bio Naturals Cleanser Gel Handrub Gel Combo pack 100 ml plus 900ml refill Hand Sanitizer Pouch,Rs.479,4.1
Manner Instant  Gel, Quick-drying Advanced Formula with Complete Protection Hand Sanitizer Bottle,Rs.100,4
Bello Hand Sanitize pack of 2 100ml - No alcohol, No over drying Hand Sanitizer Bottle,Rs.100,4.1
DERMEASE  with 100% Gauranteed Germ Free Hand Pack Of 2 Hand Sanitizer Pump Dispenser,Rs.224,4.1
DERMEASE  with 100% Gauranteed Germ Free Hand Pack Of 6 (50ml Each) Hand Sanitizer Bottle,Rs.149,4.2
K'TRiQ Hygenic  Gel [Antibacterial] [Non-Sticky] Kills Germs No-Rinse Wash Hand Gel Hand Sanitizer Bottle,Rs.2499,4.4
DERMEASE Hand Wash Sanitizer 500ml Hand Sanitizer Pump Dispenser,Rs.249,3.8
TEJ HAND CLEAN ( Waterless -500ml) Hand Sanitizer Pump Dispenser,Rs.199,3.8
arista Hand Sanitizer Bottle,Rs.247,3.9
Sage Apothecary Lemon  Bottle Pack of 5 Combo (5X100ML) Hand Sanitizer Bottle,Rs.250,4.1
TEJ HAND CLEAN ( Waterless -100ml x 5 ) Hand Sanitizer Bottle,Rs.225,3.9
morvin india Germi Q  Hand Sanitizer Bottle,Rs.240,4
SuperFox  5000ml Hand Sanitizer Bottle,Rs.2295,4.3
TEJ HAND CLEAN ( Waterless - 5Ltr) Hand Sanitizer Bottle,Rs.2299,4.6
Dr Venture instant  Anti-Bacterial 500 ml pack of 2 Hand Sanitizer Pump Dispenser,Rs.449,4
